{
  "uuid": "46704a46-19c2-3c5b-97fc-c0f27e6905ae",
  "starterPrompted": true,
  "starterLocked": false,
  "starterSelected": true,
  "starterUUID": "ff649a9d-6f3f-4025-ad40-320ecd13bed8",
  "keyItems": [],
  "battleTheme": "cobblemon:battle.pvp.default",
  "extraData": {},
  "advancementData": {
    "totalCaptureCount": 5,
    "totalEggsHatched": 0,
    "totalEvolvedCount": 0,
    "totalBattleVictoryCount": 2,
    "totalPvPBattleVictoryCount": 0,
    "totalPvWBattleVictoryCount": 2,
    "totalPvNBattleVictoryCount": 0,
    "totalShinyCaptureCount": 1,
    "totalTradedCount": 0,
    "totalTypeCaptureCounts": {
      "fire": 1,
      "flying": 1,
      "grass": 1,
      "poison": 2,
      "ground": 1,
      "dark": 1
    },
    "totalDefeatedCounts": {
      "cobblemon:maractus": 1,
      "cobblemon:sandshrew": 1
    },
    "aspectsCollected": {}
  }
}