{"stats":{"minecraft:used":{"minecraft:torch":1,"minecraft:sand":82},"minecraft:picked_up":{"minecraft:sand":80,"minecraft:cactus":2},"minecraft:custom":{"minecraft:jump":99,"minecraft:time_since_rest":15417,"minecraft:crouch_one_cm":123,"minecraft:leave_game":1,"minecraft:play_time":15417,"minecraft:sprint_one_cm":13389,"minecraft:time_since_death":15417,"minecraft:walk_on_water_one_cm":271,"minecraft:walk_one_cm":3284,"minecraft:sneak_time":57,"minecraft:total_world_time":15417,"minecraft:walk_under_water_one_cm":2840,"minecraft:swim_one_cm":992,"minecraft:fly_one_cm":286432}},"DataVersion":3465}