{"stats":{"minecraft:custom":{"minecraft:time_since_rest":25934,"minecraft:waystone_activated":4,"lootr:looted_stat":2,"minecraft:sprint_one_cm":45246,"minecraft:damage_taken":190,"minecraft:walk_one_cm":40052,"minecraft:mob_kills":21,"minecraft:drop":2,"minecraft:damage_dealt":2500,"minecraft:talked_to_villager":2,"minecraft:swim_one_cm":17942,"minecraft:interact_with_crafting_table":3,"minecraft:fly_one_cm":596603,"minecraft:open_chest":3,"minecraft:crouch_one_cm":231,"minecraft:play_time":25934,"minecraft:sneak_time":525,"minecraft:walk_under_water_one_cm":5256,"minecraft:jump":368,"minecraft:leave_game":4,"minecraft:time_since_death":25934,"minecraft:walk_on_water_one_cm":5337,"minecraft:total_world_time":25934,"minecraft:climb_one_cm":600,"minecraft:fall_one_cm":6095},"minecraft:crafted":{"minecraft:oak_planks":24,"minecraft:crafting_table":2,"minecraft:stick":4,"minecraft:iron_pickaxe":1,"minecraft:wooden_axe":1,"minecraft:iron_sword":1,"minecraft:chest":1,"minecraft:jungle_planks":4},"minecraft:picked_up":{"minecraft:stick":12,"minecraft:coarse_dirt":6,"minecraft:chicken":1,"minecraft:jungle_log":19,"minecraft:brown_mushroom":3,"minecraft:sand":3,"minecraft:oak_log":21,"minecraft:gunpowder":1,"minecraft:dirt":20,"minecraft:arrow":3,"minecraft:rotten_flesh":1,"minecraft:bow":1,"minecraft:wheat_seeds":1,"minecraft:azalea":2,"minecraft:jungle_sapling":1,"minecraft:rabbit":3,"minecraft:oak_sapling":14,"minecraft:moss_block":1,"minecraft:mutton":4,"cobblemon:blue_apricorn":2,"minecraft:white_wool":4,"minecraft:cobblestone":18},"minecraft:used":{"waystones:waystone":4,"minecraft:wooden_axe":44,"minecraft:iron_pickaxe":18,"minecraft:chest":1,"minecraft:iron_sword":45,"minecraft:stone":4,"minecraft:bow":17,"minecraft:crafting_table":2},"minecraft:mined":{"minecraft:grass":2,"minecraft:oak_log":21,"minecraft:vine":2,"minecraft:jungle_log":19,"minecraft:sand":3,"minecraft:dirt":6,"minecraft:stone":18,"minecraft:moss_block":1},"minecraft:killed":{"minecraft:skeleton":2,"minecraft:sheep":4,"minecraft:zombie":4,"cobblemon:pokemon":5,"minecraft:zombie_villager":1,"minecraft:chicken":2,"minecraft:spider":2,"minecraft:creeper":1},"minecraft:dropped":{"minecraft:stone":1,"minecraft:rotten_flesh":1}},"DataVersion":3465}