{"stats":{"minecraft:custom":{"minecraft:time_since_rest":17463,"minecraft:waystone_activated":4,"lootr:looted_stat":2,"minecraft:sprint_one_cm":33686,"minecraft:damage_taken":190,"minecraft:walk_one_cm":28049,"minecraft:mob_kills":18,"minecraft:drop":2,"minecraft:damage_dealt":2300,"minecraft:swim_one_cm":17942,"minecraft:interact_with_crafting_table":3,"minecraft:fly_one_cm":373083,"minecraft:open_chest":3,"minecraft:crouch_one_cm":21,"minecraft:play_time":17463,"minecraft:sneak_time":150,"minecraft:walk_under_water_one_cm":3081,"minecraft:jump":249,"minecraft:leave_game":4,"minecraft:time_since_death":17463,"minecraft:walk_on_water_one_cm":3140,"minecraft:total_world_time":17463,"minecraft:climb_one_cm":334,"minecraft:fall_one_cm":6095},"minecraft:crafted":{"minecraft:oak_planks":24,"minecraft:crafting_table":2,"minecraft:stick":4,"minecraft:iron_pickaxe":1,"minecraft:wooden_axe":1,"minecraft:iron_sword":1,"minecraft:chest":1,"minecraft:jungle_planks":4},"minecraft:picked_up":{"minecraft:stick":12,"minecraft:coarse_dirt":6,"minecraft:chicken":1,"minecraft:jungle_log":19,"minecraft:sand":3,"minecraft:oak_log":21,"minecraft:gunpowder":1,"minecraft:dirt":20,"minecraft:arrow":3,"minecraft:rotten_flesh":1,"minecraft:bow":1,"minecraft:wheat_seeds":1,"minecraft:jungle_sapling":1,"minecraft:oak_sapling":14,"minecraft:moss_block":1,"minecraft:mutton":4,"cobblemon:blue_apricorn":2,"minecraft:white_wool":4,"minecraft:cobblestone":18},"minecraft:used":{"waystones:waystone":4,"minecraft:wooden_axe":44,"minecraft:iron_pickaxe":18,"minecraft:chest":1,"minecraft:iron_sword":41,"minecraft:stone":4,"minecraft:bow":15,"minecraft:crafting_table":2},"minecraft:mined":{"minecraft:grass":2,"minecraft:oak_log":21,"minecraft:vine":2,"minecraft:jungle_log":19,"minecraft:sand":3,"minecraft:dirt":6,"minecraft:stone":18,"minecraft:moss_block":1},"minecraft:killed":{"minecraft:skeleton":2,"minecraft:sheep":4,"minecraft:zombie":4,"cobblemon:pokemon":5,"minecraft:spider":2,"minecraft:creeper":1},"minecraft:dropped":{"minecraft:stone":1,"minecraft:rotten_flesh":1}},"DataVersion":3465}