{"stats":{"minecraft:custom":{"minecraft:jump":22,"minecraft:time_since_rest":3600,"minecraft:leave_game":1,"minecraft:walk_on_water_one_cm":1311,"minecraft:sprint_one_cm":3183,"minecraft:play_time":3600,"minecraft:damage_taken":20,"minecraft:time_since_death":3600,"minecraft:walk_one_cm":717,"minecraft:sneak_time":2,"minecraft:total_world_time":3600,"minecraft:walk_under_water_one_cm":1636,"minecraft:swim_one_cm":9989,"minecraft:fall_one_cm":1925,"minecraft:fly_one_cm":169917}},"DataVersion":3465}