{"stats":{"minecraft:picked_up":{"minecraft:sand":80},"minecraft:custom":{"minecraft:jump":21,"minecraft:time_since_rest":5261,"minecraft:crouch_one_cm":123,"minecraft:walk_on_water_one_cm":271,"minecraft:sprint_one_cm":2745,"minecraft:play_time":5261,"minecraft:time_since_death":5261,"minecraft:walk_one_cm":1196,"minecraft:sneak_time":57,"minecraft:walk_under_water_one_cm":2840,"minecraft:total_world_time":5261,"minecraft:swim_one_cm":992,"minecraft:fly_one_cm":148613},"minecraft:used":{"minecraft:torch":1,"minecraft:sand":82}},"DataVersion":3465}